{
    "action": {
        "mean": [
            -0.4110533893108368,
            0.11429531872272491,
            0.6272894740104675,
            -0.22723649442195892,
            0.2530418336391449,
            -0.9056803584098816,
            0.13292565941810608,
            -0.9048961400985718,
            -0.29353591799736023,
            0.0452425591647625,
            0.8666127920150757,
            0.2943204939365387,
            0.35815638303756714,
            0.31893405318260193,
            0.2816028892993927,
            0.051780324429273605,
            0.023412102833390236,
            0.053132276982069016,
            0.452263742685318
        ],
        "std": [
            0.04305948689579964,
            0.030816975980997086,
            0.024773554876446724,
            0.12371926754713058,
            0.20448914170265198,
            0.08340582996606827,
            0.17250356078147888,
            0.07151326537132263,
            0.20605425536632538,
            0.05064571276307106,
            0.14288870990276337,
            0.3330080807209015,
            0.39220207929611206,
            0.3555610775947571,
            0.32741621136665344,
            0.0353887714445591,
            0.016107212752103806,
            0.038980383425951004,
            0.14592589437961578
        ],
        "min": [
            -0.496896892786026,
            0.03202676400542259,
            0.5701619386672974,
            -0.5920774936676025,
            -0.4026165306568146,
            -0.9998978972434998,
            -0.3395428955554962,
            -0.9999634027481079,
            -0.869126558303833,
            -0.005332984961569309,
            0.19375169277191162,
            -0.026952579617500305,
            -0.037990178912878036,
            -0.028067246079444885,
            -0.03024149499833584,
            -0.0007527120760641992,
            -0.000403510028263554,
            -0.0030857566744089127,
            -0.02622993476688862
        ],
        "max": [
            -0.2890067994594574,
            0.23781631886959076,
            0.74587082862854,
            0.04862261936068535,
            0.8505344390869141,
            -0.4772055149078369,
            0.6291237473487854,
            -0.49399808049201965,
            0.3992176949977875,
            0.27447348833084106,
            1.1187697649002075,
            1.1306039094924927,
            1.276573657989502,
            1.210689902305603,
            1.1684545278549194,
            0.160142183303833,
            0.08592159301042557,
            0.25490713119506836,
            0.7898028492927551
        ],
        "q01": [
            -0.49023666977882385,
            0.04519537091255188,
            0.5762034207582474,
            -0.5275341719388962,
            -0.2948053330183029,
            -0.9974237531423569,
            -0.2964172959327698,
            -0.9973448216915131,
            -0.7388309985399246,
            -0.00032542783446842805,
            0.37738387286663055,
            -0.00018430302952765487,
            -0.00016492194117745385,
            -0.00012114238779759035,
            -0.00015594557407894172,
            0.0012633497826755047,
            0.0006525444478029385,
            0.002111148147378117,
            3.247124377946818e-19
        ],
        "q99": [
            -0.29979825019836426,
            0.19829322770237923,
            0.7001146525144577,
            0.007586053106933832,
            0.7011920511722565,
            -0.6590796262025833,
            0.5287203937768936,
            -0.6676304191350937,
            0.28978370875120163,
            0.1907416135072708,
            1.0708039700984955,
            1.022541493177414,
            1.098050594329834,
            1.070215791463852,
            1.0107699632644653,
            0.13332615420222282,
            0.0669375117868185,
            0.16260354593396187,
            0.69181889295578
        ]
    },
    "next.reward": {
        "mean": [
            0.0
        ],
        "std": [
            0.0
        ],
        "min": [
            0.0
        ],
        "max": [
            0.0
        ],
        "q01": [
            0.0
        ],
        "q99": [
            0.0
        ]
    },
    "observation.state": {
        "mean": [
            0.4357929825782776,
            1.5363551378250122,
            1.1952394247055054,
            1.0973113775253296,
            -0.01775442436337471,
            -0.0542123019695282,
            0.24091453850269318,
            -0.29305484890937805,
            -0.38806766271591187,
            0.0863952562212944,
            0.17441822588443756,
            -0.06972693651914597,
            -0.05699354037642479,
            0.09920982271432877,
            0.22130896151065826,
            -0.25127527117729187,
            0.04057878255844116,
            0.8463909029960632,
            0.2914462685585022,
            0.35099801421165466,
            0.3162243962287903,
            0.2808992862701416,
            0.06019038334488869,
            0.030981067568063736,
            0.06738070398569107,
            0.4469294250011444
        ],
        "std": [
            0.1510254144668579,
            0.07839646190404892,
            0.10648836195468903,
            0.23920804262161255,
            0.15763214230537415,
            0.1774798184633255,
            0.15578056871891022,
            0.023529864847660065,
            0.04336022213101387,
            0.029278360307216644,
            0.10257447510957718,
            0.9407370686531067,
            0.25682497024536133,
            0.9063946008682251,
            0.12001576274633408,
            0.20515190064907074,
            0.046443354338407516,
            0.20236298441886902,
            0.3235953748226166,
            0.37698882818222046,
            0.3476235568523407,
            0.3214142918586731,
            0.05116556957364082,
            0.036359753459692,
            0.07135765254497528,
            0.15405406057834625
        ],
        "min": [
            0.05363396927714348,
            1.1159286499023438,
            0.9281660914421082,
            0.45115014910697937,
            -0.5756968259811401,
            -0.5465498566627502,
            -0.20258036255836487,
            -0.35353800654411316,
            -0.47580400109291077,
            4.400000034365803e-05,
            -0.08250657469034195,
            -0.9999964833259583,
            -0.6631557941436768,
            -0.9986871480941772,
            -0.049875978380441666,
            -0.8536209464073181,
            0.0020180391147732735,
            0.007525098044425249,
            0.0053360783495008945,
            0.0053360783495008945,
            0.0053360783495008945,
            0.0053360783495008945,
            0.0,
            0.0,
            0.0027364706620573997,
            0.0044466666877269745
        ],
        "max": [
            0.8099026083946228,
            1.7295514345169067,
            1.4982953071594238,
            1.660645842552185,
            0.3765198886394501,
            0.6598042845726013,
            0.7345567345619202,
            -0.19115400314331055,
            -0.27113598585128784,
            0.21951699256896973,
            0.5991447567939758,
            0.9997656941413879,
            0.44788455963134766,
            0.9999030232429504,
            0.6022754907608032,
            0.3997003436088562,
            0.2643631398677826,
            1.1287647485733032,
            1.0245270729064941,
            1.0245270729064941,
            1.0298631191253662,
            1.1152403354644775,
            0.2172446995973587,
            0.18645411729812622,
            0.34205883741378784,
            0.7915066480636597
        ],