{
    "action": {
        "mean": [
            -0.4113865792751312,
            0.11693146079778671,
            0.6288144588470459,
            -0.23495295643806458,
            0.2467835545539856,
            -0.9054393172264099,
            0.1244075670838356,
            -0.90904301404953,
            -0.28666362166404724,
            0.04553745687007904,
            0.8601961135864258,
            0.2878304421901703,
            0.35348501801490784,
            0.3151231110095978,
            0.2769046127796173,
            0.05213339626789093,
            0.023391257971525192,
            0.0523834228515625,
            0.4471982419490814
        ],
        "std": [
            0.04157749190926552,
            0.032046832144260406,
            0.02880938909947872,
            0.12922675907611847,
            0.20221027731895447,
            0.08054354041814804,
            0.1718508005142212,
            0.07039036601781845,
            0.20372426509857178,
            0.051846470683813095,
            0.1485540270805359,
            0.3318682610988617,
            0.39206355810165405,
            0.355032354593277,
            0.3265903890132904,
            0.03445519879460335,
            0.01606585830450058,
            0.03838816285133362,
            0.1490749567747116
        ],
        "min": [
            -0.4969373643398285,
            0.03199586272239685,
            0.5702250003814697,
            -0.6051289439201355,
            -0.4071541130542755,
            -0.9998834133148193,
            -0.3467676341533661,
            -0.9999954104423523,
            -0.8704749941825867,
            4.2238624118002156e-20,
            0.1952197253704071,
            0.0,
            0.0,
            0.0,
            0.0,
            8.237436122726649e-05,
            8.067346061579883e-05,
            0.00017100419790949672,
            3.527816098848412e-20
        ],
        "max": [
            -0.28869393467903137,
            0.23774270713329315,
            0.7563164830207825,
            0.14830441772937775,
            0.8521413207054138,
            -0.47432276606559753,
            0.7262395620346069,
            -0.4914821684360504,
            0.40058633685112,
            0.2716332674026489,
            1.1189860105514526,
            1.2861108779907227,
            1.2660777568817139,
            1.194370150566101,
            1.1690073013305664,
            0.1611875742673874,
            0.08852390199899673,
            0.2535102367401123,
            0.9682574272155762
        ],
        "q01": [
            -0.49006553024053573,
            0.044799908325076104,
            0.5765239012241363,
            -0.5378074711561203,
            -0.294907486140728,
            -0.9972707092761993,
            -0.3007866728305817,
            -0.9976749789714813,
            -0.7344186747074127,
            6.407080866193346e-19,
            0.3535520699620247,
            0.0,
            0.0,
            0.0,
            0.0,
            0.0011904554418288172,
            0.0005737939808750525,
            0.001873114468762651,
            6.014243683965418e-19
        ],
        "q99": [
            -0.30178145945072166,
            0.1978040413558484,
            0.7303380310535431,
            0.024882036037743395,
            0.6903876602649693,
            -0.6612668311595916,
            0.5270262455940248,
            -0.670263580083846,
            0.29021829754114153,
            0.2013009761273862,
            1.069039398431778,
            1.038197159767151,
            1.1075044870376587,
            1.0693411540985107,
            1.0124413967132568,
            0.13240170747041702,
            0.06618211023509504,
            0.15934420898556714,
            0.6917760360240937
        ]
    },
    "next.reward": {
        "mean": [
            0.0
        ],
        "std": [
            0.0
        ],
        "min": [
            0.0
        ],
        "max": [
            0.0
        ],
        "q01": [
            0.0
        ],
        "q99": [
            0.0
        ]
    },
    "observation.state": {
        "mean": [
            0.43552231788635254,
            1.5352729558944702,
            1.2033357620239258,
            1.1015477180480957,
            -0.016545556485652924,
            -0.06149280071258545,
            0.2451627254486084,
            -0.29200804233551025,
            -0.3880508244037628,
            0.08870811760425568,
            0.18517771363258362,
            -0.08658454567193985,
            -0.05194355174899101,
            0.1124732494354248,
            0.22890213131904602,
            -0.2451968491077423,
            0.041147638112306595,
            0.8330049514770508,
            0.28440186381340027,
            0.34546321630477905,
            0.3124319314956665,
            0.27611789107322693,
            0.06367342919111252,
            0.03346914052963257,
            0.07145080715417862,
            0.4398817718029022
        ],
        "std": [
            0.14595836400985718,
            0.07654796540737152,
            0.10941653698682785,
            0.23989593982696533,
            0.15578529238700867,
            0.17853693664073944,
            0.15921692550182343,
            0.027099737897515297,
            0.041914939880371094,
            0.030292371287941933,
            0.11095818132162094,
            0.9380488991737366,
            0.2515272796154022,
            0.9043358564376831,
            0.12615741789340973,
            0.20272542536258698,
            0.04770832881331444,
            0.21857906877994537,
            0.3213159739971161,
            0.3758287727832794,
            0.3472651541233063,
            0.3204151391983032,
            0.05431969836354256,
            0.03956795856356621,
            0.07808525860309601,
            0.15921024978160858
        ],
        "min": [
            0.05363396927714348,
            1.1159286499023438,
            0.9281660914421082,
            0.45115014910697937,
            -0.5756968259811401,
            -0.5692391395568848,
            -0.31442105770111084,
            -0.35353800654411316,
            -0.47580400109291077,
            4.400000034365803e-05,
            -0.08250657469034195,
            -0.9999964833259583,
            -0.6631557941436768,
            -0.9986871480941772,
            -0.1470154970884323,
            -0.8536209464073181,
            0.0020180391147732735,
            0.007525098044425249,
            0.0053360783495008945,
            0.0053360783495008945,
            0.0053360783495008945,
            0.0053360783495008945,
            0.0,
            0.0,
            0.0027364706620573997,
            0.0044466666877269745
        ],
        "max": [
            0.8099026083946228,
            1.7295514345169067,
            1.4982953071594238,
            1.660645842552185,
            0.3765198886394501,
            0.6598042845726013,
            0.7345567345619202,
            -0.16745400428771973,
            -0.27113598585128784,
            0.21951699256896973,
            0.6154977083206177,
            0.9997656941413879,
            0.5506446957588196,
            0.9999030232429504,
            0.6080594062805176,
            0.3997003436088562,
            0.2643631398677826,
            1.1287647485733032,
            1.0245270729064941,
            1.0245270729064941,
            1.0298631191253662,
            1.1152403354644775,
            0.2172446995973587,
            0.18645411729812622,
            0.34205883741378784,
            0.7915066480636597
        ],